period_code,category_name,value
2024M12,Food,277.5
2024M12,Food and non-alcoholic beverages,277.5
2024M12,Non-food,277.5
2024M12,"Alcoholic beverages, tobacco and narcotics",256.5
2024M12,Clothing and footwear,216.9
2024M12,Education services,151.3
2024M12,"Furnishings, household equipment and routine household maintenance",267.7
2024M12,Health,205.3
2024M12,"Housing, water, electricity, gas and other fuels",295.6
2024M12,Information and communication,161.8
2024M12,Insurance and financial services,140.9
2024M12,"Personal care, social protection and miscellaneous goods and services",265.9
2024M12,"Recreation, sport and culture",220.4
2024M12,Restaurants and accommodation services,172.6
2024M12,Transport,226.1
2024M11,Food,270
2024M11,Food and non-alcoholic beverages,270
2024M11,Non-food,270
2024M11,"Alcoholic beverages, tobacco and narcotics",252.6
2024M11,Clothing and footwear,214.1
2024M11,Education services,151.1
2024M11,"Furnishings, household equipment and routine household maintenance",265.4
2024M11,Health,203.7
2024M11,"Housing, water, electricity, gas and other fuels",290.8
2024M11,Information and communication,161.2
2024M11,Insurance and financial services,140.7
2024M11,"Personal care, social protection and miscellaneous goods and services",263.6
2024M11,"Recreation, sport and culture",218.3
2024M11,Restaurants and accommodation services,171.8
2024M11,Transport,225.7
2024M10,Food,260.2
2024M10,Food and non-alcoholic beverages,260.2
2024M10,Non-food,260.1
2024M10,"Alcoholic beverages, tobacco and narcotics",246.5
2024M10,Clothing and footwear,209.9
2024M10,Education services,150.5
2024M10,"Furnishings, household equipment and routine household maintenance",263.1
2024M10,Health,202.5
2024M10,"Housing, water, electricity, gas and other fuels",284.3
2024M10,Information and communication,160.6
2024M10,Insurance and financial services,140.5
2024M10,"Personal care, social protection and miscellaneous goods and services",260
2024M10,"Recreation, sport and culture",215
2024M10,Restaurants and accommodation services,171.3
2024M10,Transport,223.7
2024M09,Food,259
2024M09,Food and non-alcoholic beverages,259
2024M09,Non-food,259
2024M09,"Alcoholic beverages, tobacco and narcotics",236.1
2024M09,Clothing and footwear,206.3
2024M09,Education services,149.7
2024M09,"Furnishings, household equipment and routine household maintenance",256.9
2024M09,Health,199.2
2024M09,"Housing, water, electricity, gas and other fuels",280.1
2024M09,Information and communication,160.8
2024M09,Insurance and financial services,135.6
2024M09,"Personal care, social protection and miscellaneous goods and services",254
2024M09,"Recreation, sport and culture",211.7
2024M09,Restaurants and accommodation services,170.4
2024M09,Transport,223.4
2024M08,Food,249
2024M08,Food and non-alcoholic beverages,249
2024M08,Non-food,249
2024M08,"Alcoholic beverages, tobacco and narcotics",226.9
2024M08,Clothing and footwear,202.6
2024M08,Education services,147.5
2024M08,"Furnishings, household equipment and routine household maintenance",250.5
2024M08,Health,194.9
2024M08,"Housing, water, electricity, gas and other fuels",276.7
2024M08,Information and communication,157.2
2024M08,Insurance and financial services,132.9
2024M08,"Personal care, social protection and miscellaneous goods and services",246.1
2024M08,"Recreation, sport and culture",210.5
2024M08,Restaurants and accommodation services,170
2024M08,Transport,221.9
2024M07,Food,254.7
2024M07,Food and non-alcoholic beverages,254.7
2024M07,Non-food,254.7
2024M07,"Alcoholic beverages, tobacco and narcotics",229.4
2024M07,Clothing and footwear,199.4
2024M07,Education services,146.8
2024M07,"Furnishings, household equipment and routine household maintenance",254.8
2024M07,Health,195.6
2024M07,"Housing, water, electricity, gas and other fuels",270.3
2024M07,Information and communication,154.4
2024M07,Insurance and financial services,131.6
2024M07,"Personal care, social protection and miscellaneous goods and services",248.8
2024M07,"Recreation, sport and culture",207.4
2024M07,Restaurants and accommodation services,166.6
2024M07,Transport,223.7
2024M06,Food,250.5
2024M06,Food and non-alcoholic beverages,250.5
2024M06,Non-food,250.5
2024M06,"Alcoholic beverages, tobacco and narcotics",228.4
2024M06,Clothing and footwear,194.6
2024M06,Education services,144.7
2024M06,"Furnishings, household equipment and routine household maintenance",249.1
2024M06,Health,189.3
2024M06,"Housing, water, electricity, gas and other fuels",258.1
2024M06,Information and communication,151.6
2024M06,Insurance and financial services,124.8
2024M06,"Personal care, social protection and miscellaneous goods and services",241
2024M06,"Recreation, sport and culture",202.8
2024M06,Restaurants and accommodation services,163.9
2024M06,Transport,221.5
2024M05,Food,238.4
2024M05,Food and non-alcoholic beverages,238.4
2024M05,Non-food,238.4
2024M05,"Alcoholic beverages, tobacco and narcotics",222.9
2024M05,Clothing and footwear,192.2
2024M05,Education services,144.6
2024M05,"Furnishings, household equipment and routine household maintenance",244.6
2024M05,Health,187.5
2024M05,"Housing, water, electricity, gas and other fuels",255.7
2024M05,Information and communication,151.2
2024M05,Insurance and financial services,123.9
2024M05,"Personal care, social protection and miscellaneous goods and services",238.6
2024M05,"Recreation, sport and culture",201
2024M05,Restaurants and accommodation services,162.6
2024M05,Transport,220.4
2024M04,Food,232.2
2024M04,Food and non-alcoholic beverages,232.2
2024M04,Non-food,232.2
2024M04,"Alcoholic beverages, tobacco and narcotics",219
2024M04,Clothing and footwear,189.8
2024M04,Education services,137
2024M04,"Furnishings, household equipment and routine household maintenance",239.2
2024M04,Health,185
2024M04,"Housing, water, electricity, gas and other fuels",251.6
2024M04,Information and communication,148.5
2024M04,Insurance and financial services,123.9
2024M04,"Personal care, social protection and miscellaneous goods and services",236.7
2024M04,"Recreation, sport and culture",197.6
2024M04,Restaurants and accommodation services,160.9
2024M04,Transport,199.3
2024M03,Food,227.4
2024M03,Food and non-alcoholic beverages,227.4
2024M03,Non-food,227.4
2024M03,"Alcoholic beverages, tobacco and narcotics",215.9
2024M03,Clothing and footwear,188
2024M03,Education services,136.6
2024M03,"Furnishings, household equipment and routine household maintenance",237.4
2024M03,Health,181
2024M03,"Housing, water, electricity, gas and other fuels",244.1
2024M03,Information and communication,148
2024M03,Insurance and financial services,123.4
2024M03,"Personal care, social protection and miscellaneous goods and services",233.5
2024M03,"Recreation, sport and culture",196
2024M03,Restaurants and accommodation services,157.3
2024M03,Transport,197.3
2024M02,Food,225
2024M02,Food and non-alcoholic beverages,225
2024M02,Non-food,225
2024M02,"Alcoholic beverages, tobacco and narcotics",212.2
2024M02,Clothing and footwear,187.2
2024M02,Education services,135.6
2024M02,"Furnishings, household equipment and routine household maintenance",236.4
2024M02,Health,179.4
2024M02,"Housing, water, electricity, gas and other fuels",243.2
2024M02,Information and communication,147.9
2024M02,Insurance and financial services,123.4
2024M02,"Personal care, social protection and miscellaneous goods and services",232.8
2024M02,"Recreation, sport and culture",195.4
2024M02,Restaurants and accommodation services,155.6
2024M02,Transport,195.2
2024M01,Food,220.7
2024M01,Food and non-alcoholic beverages,220.7
2024M01,Non-food,220.7
2024M01,"Alcoholic beverages, tobacco and narcotics",207
2024M01,Clothing and footwear,184.2
2024M01,Education services,133
2024M01,"Furnishings, household equipment and routine household maintenance",234.5
2024M01,Health,175.6
2024M01,"Housing, water, electricity, gas and other fuels",241.8
2024M01,Information and communication,146.2
2024M01,Insurance and financial services,122.5
2024M01,"Personal care, social protection and miscellaneous goods and services",229.5
2024M01,"Recreation, sport and culture",191.6
2024M01,Restaurants and accommodation services,150.8
2024M01,Transport,194.5
2023M12,Food,217.2
2023M12,Food and non-alcoholic beverages,217.2
2023M12,Non-food,217.2
2023M12,"Alcoholic beverages, tobacco and narcotics",199.7
2023M12,Clothing and footwear,180.7
2023M12,Education services,127.1
2023M12,"Furnishings, household equipment and routine household maintenance",229.4
2023M12,Health,169.1
2023M12,"Housing, water, electricity, gas and other fuels",234
2023M12,Information and communication,144.4
2023M12,Insurance and financial services,120.9
2023M12,"Personal care, social protection and miscellaneous goods and services",222.8
2023M12,"Recreation, sport and culture",187.8
2023M12,Restaurants and accommodation services,148.1
2023M12,Transport,193.5
2023M11,Food,214.4
2023M11,Food and non-alcoholic beverages,214.4
2023M11,Non-food,214.4
2023M11,"Alcoholic beverages, tobacco and narcotics",194.3
2023M11,Clothing and footwear,178.2
2023M11,Education services,126.4
2023M11,"Furnishings, household equipment and routine household maintenance",227.5
2023M11,Health,166.7
2023M11,"Housing, water, electricity, gas and other fuels",231.2
2023M11,Information and communication,144.1
2023M11,Insurance and financial services,120.7
2023M11,"Personal care, social protection and miscellaneous goods and services",219.7
2023M11,"Recreation, sport and culture",185.1
2023M11,Restaurants and accommodation services,145.1
2023M11,Transport,193.8
2023M10,Food,212
2023M10,Food and non-alcoholic beverages,212
2023M10,Non-food,212
2023M10,"Alcoholic beverages, tobacco and narcotics",187.1
2023M10,Clothing and footwear,174.7
2023M10,Education services,123.7
2023M10,"Furnishings, household equipment and routine household maintenance",225.2
2023M10,Health,163.5
2023M10,"Housing, water, electricity, gas and other fuels",222.8
2023M10,Information and communication,142
2023M10,Insurance and financial services,120.5
2023M10,"Personal care, social protection and miscellaneous goods and services",217.2
2023M10,"Recreation, sport and culture",180.5
2023M10,Restaurants and accommodation services,137.5
2023M10,Transport,192.7
2023M09,Food,212.5
2023M09,Food and non-alcoholic beverages,212.5
2023M09,Non-food,212.5
2023M09,"Alcoholic beverages, tobacco and narcotics",185.1
2023M09,Clothing and footwear,173.3
2023M09,Education services,121.1
2023M09,"Furnishings, household equipment and routine household maintenance",224.4
2023M09,Health,162.8
2023M09,"Housing, water, electricity, gas and other fuels",221.6
2023M09,Information and communication,140.8
2023M09,Insurance and financial services,119.7
2023M09,"Personal care, social protection and miscellaneous goods and services",216.5
2023M09,"Recreation, sport and culture",178.3
2023M09,Restaurants and accommodation services,133.3
2023M09,Transport,192
2023M08,Food,209.1
2023M08,Food and non-alcoholic beverages,209.1
2023M08,Non-food,209.1
2023M08,"Alcoholic beverages, tobacco and narcotics",181.5
2023M08,Clothing and footwear,171.8
2023M08,Education services,120.9
2023M08,"Furnishings, household equipment and routine household maintenance",222.5
2023M08,Health,161.6
2023M08,"Housing, water, electricity, gas and other fuels",209.9
2023M08,Information and communication,139.9
2023M08,Insurance and financial services,118.3
2023M08,"Personal care, social protection and miscellaneous goods and services",214.2
2023M08,"Recreation, sport and culture",176
2023M08,Restaurants and accommodation services,131.3
2023M08,Transport,189
2023M07,Food,209.7
2023M07,Food and non-alcoholic beverages,209.7
2023M07,Non-food,209.7
2023M07,"Alcoholic beverages, tobacco and narcotics",180.9
2023M07,Clothing and footwear,170.6
2023M07,Education services,124.4
2023M07,"Furnishings, household equipment and routine household maintenance",222.9
2023M07,Health,161.4
2023M07,"Housing, water, electricity, gas and other fuels",210.1
2023M07,Information and communication,140.3
2023M07,Insurance and financial services,118.3
2023M07,"Personal care, social protection and miscellaneous goods and services",214.5
2023M07,"Recreation, sport and culture",177.2
2023M07,Restaurants and accommodation services,129.8
2023M07,Transport,189.5
2023M06,Food,202
2023M06,Food and non-alcoholic beverages,202
2023M06,Non-food,202
2023M06,"Alcoholic beverages, tobacco and narcotics",172.6
2023M06,Clothing and footwear,164.6
2023M06,Education services,119.7
2023M06,"Furnishings, household equipment and routine household maintenance",212.9
2023M06,Health,154.4
2023M06,"Housing, water, electricity, gas and other fuels",204.8
2023M06,Information and communication,137.4
2023M06,Insurance and financial services,117.5
2023M06,"Personal care, social protection and miscellaneous goods and services",201.8
2023M06,"Recreation, sport and culture",168.4
2023M06,Restaurants and accommodation services,125.4
2023M06,Transport,186.1
2023M05,Food,194.4
2023M05,Food and non-alcoholic beverages,194.4
2023M05,Non-food,194.4
2023M05,"Alcoholic beverages, tobacco and narcotics",166
2023M05,Clothing and footwear,159.5
2023M05,Education services,115.4
2023M05,"Furnishings, household equipment and routine household maintenance",207.5
2023M05,Health,148.3
2023M05,"Housing, water, electricity, gas and other fuels",201.6
2023M05,Information and communication,133.5
2023M05,Insurance and financial services,113.9
2023M05,"Personal care, social protection and miscellaneous goods and services",192
2023M05,"Recreation, sport and culture",162
2023M05,Restaurants and accommodation services,123.6
2023M05,Transport,183.2
2023M04,Food,183
2023M04,Food and non-alcoholic beverages,183
2023M04,Non-food,183
2023M04,"Alcoholic beverages, tobacco and narcotics",157.1
2023M04,Clothing and footwear,153.3
2023M04,Education services,111
2023M04,"Furnishings, household equipment and routine household maintenance",197.1
2023M04,Health,141.1
2023M04,"Housing, water, electricity, gas and other fuels",196.3
2023M04,Information and communication,129.5
2023M04,Insurance and financial services,113
2023M04,"Personal care, social protection and miscellaneous goods and services",179.5
2023M04,"Recreation, sport and culture",153.5
2023M04,Restaurants and accommodation services,120.2
2023M04,Transport,180.7
2023M03,Food,175.4
2023M03,Food and non-alcoholic beverages,175.4
2023M03,Non-food,175.4
2023M03,"Alcoholic beverages, tobacco and narcotics",153.2
2023M03,Clothing and footwear,151.1
2023M03,Education services,110.4
2023M03,"Furnishings, household equipment and routine household maintenance",193
2023M03,Health,137.1
2023M03,"Housing, water, electricity, gas and other fuels",195.4
2023M03,Information and communication,128.4
2023M03,Insurance and financial services,112.9
2023M03,"Personal care, social protection and miscellaneous goods and services",174.9
2023M03,"Recreation, sport and culture",151.5
2023M03,Restaurants and accommodation services,118.5
2023M03,Transport,182.7
2023M02,Food,177
2023M02,Food and non-alcoholic beverages,177
2023M02,Non-food,177
2023M02,"Alcoholic beverages, tobacco and narcotics",153.2
2023M02,Clothing and footwear,152.8
2023M02,Education services,113.3
2023M02,"Furnishings, household equipment and routine household maintenance",188.6
2023M02,Health,140
2023M02,"Housing, water, electricity, gas and other fuels",197.9
2023M02,Information and communication,130.3
2023M02,Insurance and financial services,113.4
2023M02,"Personal care, social protection and miscellaneous goods and services",178.7
2023M02,"Recreation, sport and culture",155.6
2023M02,Restaurants and accommodation services,117.9
2023M02,Transport,188.7
2023M01,Food,173.5
2023M01,Food and non-alcoholic beverages,173.5
2023M01,Non-food,173.5
2023M01,"Alcoholic beverages, tobacco and narcotics",149.4
2023M01,Clothing and footwear,150
2023M01,Education services,111
2023M01,"Furnishings, household equipment and routine household maintenance",183.7
2023M01,Health,138.8
2023M01,"Housing, water, electricity, gas and other fuels",197.2
2023M01,Information and communication,128.7
2023M01,Insurance and financial services,112.8
2023M01,"Personal care, social protection and miscellaneous goods and services",173.8
2023M01,"Recreation, sport and culture",152.3
2023M01,Restaurants and accommodation services,116.7
2023M01,Transport,184.3
2022M12,Food,168.8
2022M12,Food and non-alcoholic beverages,168.8
2022M12,Non-food,168.8
2022M12,"Alcoholic beverages, tobacco and narcotics",144.6
2022M12,Clothing and footwear,147.8
2022M12,Education services,111.5
2022M12,"Furnishings, household equipment and routine household maintenance",180.8
2022M12,Health,137.5
2022M12,"Housing, water, electricity, gas and other fuels",195.7
2022M12,Information and communication,126.5
2022M12,Insurance and financial services,111.9
2022M12,"Personal care, social protection and miscellaneous goods and services",170
2022M12,"Recreation, sport and culture",150.4
2022M12,Restaurants and accommodation services,115.7
2022M12,Transport,185.4
2022M11,Food,162.1
2022M11,Food and non-alcoholic beverages,162.1
2022M11,Non-food,162.1
2022M11,"Alcoholic beverages, tobacco and narcotics",139.8
2022M11,Clothing and footwear,142.9
2022M11,Education services,110.8
2022M11,"Furnishings, household equipment and routine household maintenance",172.1
2022M11,Health,134.8
2022M11,"Housing, water, electricity, gas and other fuels",190.2
2022M11,Information and communication,123.4
2022M11,Insurance and financial services,111.3
2022M11,"Personal care, social protection and miscellaneous goods and services",162.3
2022M11,"Recreation, sport and culture",149.9
2022M11,Restaurants and accommodation services,114.1
2022M11,Transport,173.8
2022M10,Food,146.9
2022M10,Food and non-alcoholic beverages,146.9
2022M10,Non-food,146.9
2022M10,"Alcoholic beverages, tobacco and narcotics",128.6
2022M10,Clothing and footwear,133.7
2022M10,Education services,109.6
2022M10,"Furnishings, household equipment and routine household maintenance",159.8
2022M10,Health,127.6
2022M10,"Housing, water, electricity, gas and other fuels",178.8
2022M10,Information and communication,119
2022M10,Insurance and financial services,114.2
2022M10,"Personal care, social protection and miscellaneous goods and services",149.8
2022M10,"Recreation, sport and culture",140.1
2022M10,Restaurants and accommodation services,112.1
2022M10,Transport,154.1
2022M09,Food,142.3
2022M09,Food and non-alcoholic beverages,142.3
2022M09,Non-food,142.3
2022M09,"Alcoholic beverages, tobacco and narcotics",123.9
2022M09,Clothing and footwear,130.7
2022M09,Education services,108.7
2022M09,"Furnishings, household equipment and routine household maintenance",154.8
2022M09,Health,124
2022M09,"Housing, water, electricity, gas and other fuels",172.3
2022M09,Information and communication,116.2
2022M09,Insurance and financial services,114
2022M09,"Personal care, social protection and miscellaneous goods and services",145.1
2022M09,"Recreation, sport and culture",137.1
2022M09,Restaurants and accommodation services,111.5
2022M09,Transport,152.5
2022M08,Food,137.7
2022M08,Food and non-alcoholic beverages,137.7
2022M08,Non-food,137.7
2022M08,"Alcoholic beverages, tobacco and narcotics",124
2022M08,Clothing and footwear,126.9
2022M08,Education services,107
2022M08,"Furnishings, household equipment and routine household maintenance",145.8
2022M08,Health,116.9
2022M08,"Housing, water, electricity, gas and other fuels",147.6
2022M08,Information and communication,116.2
2022M08,Insurance and financial services,106.5
2022M08,"Personal care, social protection and miscellaneous goods and services",137.1
2022M08,"Recreation, sport and culture",136.8
2022M08,Restaurants and accommodation services,122
2022M08,Transport,149.6
2022M07,Food,135.3
2022M07,Food and non-alcoholic beverages,135.3
2022M07,Non-food,135.3
2022M07,"Alcoholic beverages, tobacco and narcotics",121.6
2022M07,Clothing and footwear,125.3
2022M07,Education services,106.4
2022M07,"Furnishings, household equipment and routine household maintenance",142
2022M07,Health,114.3
2022M07,"Housing, water, electricity, gas and other fuels",142.5
2022M07,Information and communication,114.4
2022M07,Insurance and financial services,106.3
2022M07,"Personal care, social protection and miscellaneous goods and services",133.7
2022M07,"Recreation, sport and culture",133.8
2022M07,Restaurants and accommodation services,121.4
2022M07,Transport,147.5
2022M06,Food,131
2022M06,Food and non-alcoholic beverages,131
2022M06,Non-food,131
2022M06,"Alcoholic beverages, tobacco and narcotics",119.9
2022M06,Clothing and footwear,122.9
2022M06,Education services,104.7
2022M06,"Furnishings, household equipment and routine household maintenance",138.1
2022M06,Health,112.5
2022M06,"Housing, water, electricity, gas and other fuels",137.3
2022M06,Information and communication,113
2022M06,Insurance and financial services,106.1
2022M06,"Personal care, social protection and miscellaneous goods and services",130.1
2022M06,"Recreation, sport and culture",129.8
2022M06,Restaurants and accommodation services,119.7
2022M06,Transport,140.6
2022M05,Food,128
2022M05,Food and non-alcoholic beverages,128
2022M05,Non-food,128
2022M05,"Alcoholic beverages, tobacco and narcotics",116.9
2022M05,Clothing and footwear,119
2022M05,Education services,104.5
2022M05,"Furnishings, household equipment and routine household maintenance",131.5
2022M05,Health,111
2022M05,"Housing, water, electricity, gas and other fuels",130.9
2022M05,Information and communication,115
2022M05,Insurance and financial services,103.4
2022M05,"Personal care, social protection and miscellaneous goods and services",125.1
2022M05,"Recreation, sport and culture",125.4
2022M05,Restaurants and accommodation services,116.8
2022M05,Transport,133.8
2022M04,Food,123.1
2022M04,Food and non-alcoholic beverages,123.1
2022M04,Non-food,123.1
2022M04,"Alcoholic beverages, tobacco and narcotics",114.2
2022M04,Clothing and footwear,114.3
2022M04,Education services,103.6
2022M04,"Furnishings, household equipment and routine household maintenance",126.1
2022M04,Health,109.6
2022M04,"Housing, water, electricity, gas and other fuels",123.5
2022M04,Information and communication,113.6
2022M04,Insurance and financial services,102.4
2022M04,"Personal care, social protection and miscellaneous goods and services",120.8
2022M04,"Recreation, sport and culture",120.8
2022M04,Restaurants and accommodation services,115.3
2022M04,Transport,126.8
2022M03,Food,116.3
2022M03,Food and non-alcoholic beverages,116.3
2022M03,Non-food,116.3
2022M03,"Alcoholic beverages, tobacco and narcotics",108.5
2022M03,Clothing and footwear,109.2
2022M03,Education services,102.4
2022M03,"Furnishings, household equipment and routine household maintenance",115.3
2022M03,Health,107.2
2022M03,"Housing, water, electricity, gas and other fuels",118.6
2022M03,Information and communication,111
2022M03,Insurance and financial services,102.2
2022M03,"Personal care, social protection and miscellaneous goods and services",113.8
2022M03,"Recreation, sport and culture",114.1
2022M03,Restaurants and accommodation services,110.8
2022M03,Transport,120.2
2022M02,Food,111.3
2022M02,Food and non-alcoholic beverages,111.3
2022M02,Non-food,111.3
2022M02,"Alcoholic beverages, tobacco and narcotics",106
2022M02,Clothing and footwear,106.3
2022M02,Education services,100.7
2022M02,"Furnishings, household equipment and routine household maintenance",111.1
2022M02,Health,104.8
2022M02,"Housing, water, electricity, gas and other fuels",116.7
2022M02,Information and communication,107.6
2022M02,Insurance and financial services,101.7
2022M02,"Personal care, social protection and miscellaneous goods and services",109.9
2022M02,"Recreation, sport and culture",109.6
2022M02,Restaurants and accommodation services,108
2022M02,Transport,110.8
2022M01,Food,107.8
2022M01,Food and non-alcoholic beverages,107.8
2022M01,Non-food,107.8
2022M01,"Alcoholic beverages, tobacco and narcotics",104.3
2022M01,Clothing and footwear,104.5
2022M01,Education services,100.2
2022M01,"Furnishings, household equipment and routine household maintenance",107
2022M01,Health,102.8
2022M01,"Housing, water, electricity, gas and other fuels",115.2
2022M01,Information and communication,104.7
2022M01,Insurance and financial services,101
2022M01,"Personal care, social protection and miscellaneous goods and services",106.5
2022M01,"Recreation, sport and culture",107.6
2022M01,Restaurants and accommodation services,106.5
2022M01,Transport,109.2
2021M12,Food,105.7
2021M12,Food and non-alcoholic beverages,105.7
2021M12,Non-food,105.7
2021M12,"Alcoholic beverages, tobacco and narcotics",104.4
2021M12,Clothing and footwear,104.2
2021M12,Education services,100.2
2021M12,"Furnishings, household equipment and routine household maintenance",105.4
2021M12,Health,102.3
2021M12,"Housing, water, electricity, gas and other fuels",107.4
2021M12,Information and communication,104.1
2021M12,Insurance and financial services,101
2021M12,"Personal care, social protection and miscellaneous goods and services",105.6
2021M12,"Recreation, sport and culture",105.6
2021M12,Restaurants and accommodation services,106
2021M12,Transport,108.1
2021M11,Food,104.4
2021M11,Food and non-alcoholic beverages,104.4
2021M11,Non-food,104.4
2021M11,"Alcoholic beverages, tobacco and narcotics",103.1
2021M11,Clothing and footwear,103.3
2021M11,Education services,100.1
2021M11,"Furnishings, household equipment and routine household maintenance",103.9
2021M11,Health,101.8
2021M11,"Housing, water, electricity, gas and other fuels",106.2
2021M11,Information and communication,103
2021M11,Insurance and financial services,101
2021M11,"Personal care, social protection and miscellaneous goods and services",103.8
2021M11,"Recreation, sport and culture",104.9
2021M11,Restaurants and accommodation services,101.5
2021M11,Transport,106.6
2021M10,Food,102.2
2021M10,Food and non-alcoholic beverages,102.2
2021M10,Non-food,102.2
2021M10,"Alcoholic beverages, tobacco and narcotics",103.5
2021M10,Clothing and footwear,102.2
2021M10,Education services,100.1
2021M10,"Furnishings, household equipment and routine household maintenance",102.6
2021M10,Health,101.2
2021M10,"Housing, water, electricity, gas and other fuels",105.4
2021M10,Information and communication,102.9
2021M10,Insurance and financial services,101
2021M10,"Personal care, social protection and miscellaneous goods and services",102.9
2021M10,"Recreation, sport and culture",101.4
2021M10,Restaurants and accommodation services,101
2021M10,Transport,105.4
2021M09,Food,102.5
2021M09,Food and non-alcoholic beverages,102.5
2021M09,Non-food,102.5
2021M09,"Alcoholic beverages, tobacco and narcotics",101.5
2021M09,Clothing and footwear,101.1
2021M09,Education services,99.9
2021M09,"Furnishings, household equipment and routine household maintenance",101.3
2021M09,Health,100.6
2021M09,"Housing, water, electricity, gas and other fuels",103.5
2021M09,Information and communication,101.5
2021M09,Insurance and financial services,101
2021M09,"Personal care, social protection and miscellaneous goods and services",101.4
2021M09,"Recreation, sport and culture",100.5
2021M09,Restaurants and accommodation services,100.1
2021M09,Transport,103.8
2021M08,Food,102.5
2021M08,Food and non-alcoholic beverages,102.5
2021M08,Non-food,102.5
2021M08,"Alcoholic beverages, tobacco and narcotics",100.3
2021M08,Clothing and footwear,100.5
2021M08,Education services,99.8
2021M08,"Furnishings, household equipment and routine household maintenance",100.8
2021M08,Health,100.5
2021M08,"Housing, water, electricity, gas and other fuels",100.7
2021M08,Information and communication,101.1
2021M08,Insurance and financial services,101
2021M08,"Personal care, social protection and miscellaneous goods and services",100.8
2021M08,"Recreation, sport and culture",100.3
2021M08,Restaurants and accommodation services,99.7
2021M08,Transport,102.7
2021M07,Food,102.3
2021M07,Food and non-alcoholic beverages,102.3
2021M07,Non-food,102.3
2021M07,"Alcoholic beverages, tobacco and narcotics",100.3
2021M07,Clothing and footwear,100.5
2021M07,Education services,101.2
2021M07,"Furnishings, household equipment and routine household maintenance",100
2021M07,Health,100.2
2021M07,"Housing, water, electricity, gas and other fuels",99.6
2021M07,Information and communication,100.1
2021M07,Insurance and financial services,101
2021M07,"Personal care, social protection and miscellaneous goods and services",100
2021M07,"Recreation, sport and culture",100
2021M07,Restaurants and accommodation services,100.5
2021M07,Transport,102
2021M06,Food,100.2
2021M06,Food and non-alcoholic beverages,100.2
2021M06,Non-food,100.2
2021M06,"Alcoholic beverages, tobacco and narcotics",98.8
2021M06,Clothing and footwear,99.3
2021M06,Education services,100.3
2021M06,"Furnishings, household equipment and routine household maintenance",98.9
2021M06,Health,99.8
2021M06,"Housing, water, electricity, gas and other fuels",99.2
2021M06,Information and communication,98.7
2021M06,Insurance and financial services,100.3
2021M06,"Personal care, social protection and miscellaneous goods and services",98.7
2021M06,"Recreation, sport and culture",98.9
2021M06,Restaurants and accommodation services,99.6
2021M06,Transport,99.3
2021M05,Food,98.4
2021M05,Food and non-alcoholic beverages,98.4
2021M05,Non-food,98.4
2021M05,"Alcoholic beverages, tobacco and narcotics",98.6
2021M05,Clothing and footwear,99
2021M05,Education services,100.3
2021M05,"Furnishings, household equipment and routine household maintenance",98.3
2021M05,Health,99.7
2021M05,"Housing, water, electricity, gas and other fuels",98.9
2021M05,Information and communication,98.5
2021M05,Insurance and financial services,100.3
2021M05,"Personal care, social protection and miscellaneous goods and services",98.3
2021M05,"Recreation, sport and culture",98.9
2021M05,Restaurants and accommodation services,98.9
2021M05,Transport,96.3
2021M04,Food,97.2
2021M04,Food and non-alcoholic beverages,97.2
2021M04,Non-food,97.2
2021M04,"Alcoholic beverages, tobacco and narcotics",98.3
2021M04,Clothing and footwear,98.9
2021M04,Education services,99.9
2021M04,"Furnishings, household equipment and routine household maintenance",98.1
2021M04,Health,99.7
2021M04,"Housing, water, electricity, gas and other fuels",98.8
2021M04,Information and communication,98.3
2021M04,Insurance and financial services,100.3
2021M04,"Personal care, social protection and miscellaneous goods and services",98.1
2021M04,"Recreation, sport and culture",98.8
2021M04,Restaurants and accommodation services,98.9
2021M04,Transport,95
2021M03,Food,95
2021M03,Food and non-alcoholic beverages,95
2021M03,Non-food,95
2021M03,"Alcoholic beverages, tobacco and narcotics",97.4
2021M03,Clothing and footwear,97.3
2021M03,Education services,99.5
2021M03,"Furnishings, household equipment and routine household maintenance",97.3
2021M03,Health,98.5
2021M03,"Housing, water, electricity, gas and other fuels",97.8
2021M03,Information and communication,97.9
2021M03,Insurance and financial services,99.2
2021M03,"Personal care, social protection and miscellaneous goods and services",97.3
2021M03,"Recreation, sport and culture",97.5
2021M03,Restaurants and accommodation services,98.4
2021M03,Transport,94.2
2021M02,Food,94.8
2021M02,Food and non-alcoholic beverages,94.8
2021M02,Non-food,94.8
2021M02,"Alcoholic beverages, tobacco and narcotics",97.2
2021M02,Clothing and footwear,97.1
2021M02,Education services,99.4
2021M02,"Furnishings, household equipment and routine household maintenance",97
2021M02,Health,98
2021M02,"Housing, water, electricity, gas and other fuels",93
2021M02,Information and communication,97.7
2021M02,Insurance and financial services,98.8
2021M02,"Personal care, social protection and miscellaneous goods and services",96.9
2021M02,"Recreation, sport and culture",97.2
2021M02,Restaurants and accommodation services,97.7
2021M02,Transport,93.7
2021M01,Food,94.8
2021M01,Food and non-alcoholic beverages,94.8
2021M01,Non-food,94.8
2021M01,"Alcoholic beverages, tobacco and narcotics",96.6
2021M01,Clothing and footwear,96.5
2021M01,Education services,99.4
2021M01,"Furnishings, household equipment and routine household maintenance",96.4
2021M01,Health,97.6
2021M01,"Housing, water, electricity, gas and other fuels",89.5
2021M01,Information and communication,96.1
2021M01,Insurance and financial services,95.1
2021M01,"Personal care, social protection and miscellaneous goods and services",96.1
2021M01,"Recreation, sport and culture",96
2021M01,Restaurants and accommodation services,97.7
2021M01,Transport,93
2020M12,Food,93.7
2020M12,Food and non-alcoholic beverages,93.7
2020M12,Non-food,93.9
2020M12,"Alcoholic beverages, tobacco and narcotics",95.3
2020M12,Clothing and footwear,95.9
2020M12,Education services,99.2
2020M12,"Furnishings, household equipment and routine household maintenance",96.2
2020M12,Health,96.5
2020M12,"Housing, water, electricity, gas and other fuels",88.9
2020M12,Information and communication,95.5
2020M12,Insurance and financial services,95
2020M12,"Personal care, social protection and miscellaneous goods and services",95.5
2020M12,"Recreation, sport and culture",94.8
2020M12,Restaurants and accommodation services,97.3
2020M12,Transport,91.9
2020M11,Food,92.3
2020M11,Food and non-alcoholic beverages,92.3
2020M11,Non-food,93.5
2020M11,"Alcoholic beverages, tobacco and narcotics",94.4
2020M11,Clothing and footwear,95.3
2020M11,Education services,99.2
2020M11,"Furnishings, household equipment and routine household maintenance",95.8
2020M11,Health,94.7
2020M11,"Housing, water, electricity, gas and other fuels",88.2
2020M11,Information and communication,95.4
2020M11,Insurance and financial services,94.3
2020M11,"Personal care, social protection and miscellaneous goods and services",95.2
2020M11,"Recreation, sport and culture",94.8
2020M11,Restaurants and accommodation services,97.2
2020M11,Transport,91.9
2020M10,Food,92
2020M10,Food and non-alcoholic beverages,92
2020M10,Non-food,93.2
2020M10,"Alcoholic beverages, tobacco and narcotics",94
2020M10,Clothing and footwear,94.9
2020M10,Education services,99.1
2020M10,"Furnishings, household equipment and routine household maintenance",95.7
2020M10,Health,96.2
2020M10,"Housing, water, electricity, gas and other fuels",87.4
2020M10,Information and communication,95.4
2020M10,Insurance and financial services,94.3
2020M10,"Personal care, social protection and miscellaneous goods and services",94.9
2020M10,"Recreation, sport and culture",94.6
2020M10,Restaurants and accommodation services,97.1
2020M10,Transport,91.7
2020M09,Food,91.9
2020M09,Food and non-alcoholic beverages,91.9
2020M09,Non-food,92.9
2020M09,"Alcoholic beverages, tobacco and narcotics",93.9
2020M09,Clothing and footwear,94.7
2020M09,Education services,99
2020M09,"Furnishings, household equipment and routine household maintenance",95.3
2020M09,Health,96.2
2020M09,"Housing, water, electricity, gas and other fuels",87.2
2020M09,Information and communication,95.3
2020M09,Insurance and financial services,94.3
2020M09,"Personal care, social protection and miscellaneous goods and services",94.6
2020M09,"Recreation, sport and culture",94.1
2020M09,Restaurants and accommodation services,97
2020M09,Transport,91.4
2020M08,Food,92.4
2020M08,Food and non-alcoholic beverages,92.4
2020M08,Non-food,92.8
2020M08,"Alcoholic beverages, tobacco and narcotics",94.2
2020M08,Clothing and footwear,94.4
2020M08,Education services,99.5
2020M08,"Furnishings, household equipment and routine household maintenance",95
2020M08,Health,94.6
2020M08,"Housing, water, electricity, gas and other fuels",87.4
2020M08,Information and communication,94.4
2020M08,Insurance and financial services,94.3
2020M08,"Personal care, social protection and miscellaneous goods and services",95.1
2020M08,"Recreation, sport and culture",94.3
2020M08,Restaurants and accommodation services,95.9
2020M08,Transport,91
2020M07,Food,93.4
2020M07,Food and non-alcoholic beverages,93.4
2020M07,Non-food,92.6
2020M07,"Alcoholic beverages, tobacco and narcotics",93
2020M07,Clothing and footwear,94
2020M07,Education services,99.5
2020M07,"Furnishings, household equipment and routine household maintenance",94.7
2020M07,Health,94.3
2020M07,"Housing, water, electricity, gas and other fuels",87.3
2020M07,Information and communication,94.3
2020M07,Insurance and financial services,94.3
2020M07,"Personal care, social protection and miscellaneous goods and services",94.8
2020M07,"Recreation, sport and culture",95.6
2020M07,Restaurants and accommodation services,95.1
2020M07,Transport,91
2020M06,Food,93.4
2020M06,Food and non-alcoholic beverages,93.4
2020M06,Non-food,91.8
2020M06,"Alcoholic beverages, tobacco and narcotics",92.8
2020M06,Clothing and footwear,93.6
2020M06,Education services,99.4
2020M06,"Furnishings, household equipment and routine household maintenance",94.4
2020M06,Health,94.2
2020M06,"Housing, water, electricity, gas and other fuels",86.9
2020M06,Information and communication,94.1
2020M06,Insurance and financial services,95
2020M06,"Personal care, social protection and miscellaneous goods and services",94.4
2020M06,"Recreation, sport and culture",95.4
2020M06,Restaurants and accommodation services,95
2020M06,Transport,87.6
2020M05,Food,93.4
2020M05,Food and non-alcoholic beverages,93.4
2020M05,Non-food,90.2
2020M05,"Alcoholic beverages, tobacco and narcotics",92
2020M05,Clothing and footwear,93
2020M05,Education services,99.5
2020M05,"Furnishings, household equipment and routine household maintenance",94
2020M05,Health,92
2020M05,"Housing, water, electricity, gas and other fuels",82.5
2020M05,Information and communication,93.7
2020M05,Insurance and financial services,92
2020M05,"Personal care, social protection and miscellaneous goods and services",94.1
2020M05,"Recreation, sport and culture",95.4
2020M05,Restaurants and accommodation services,93.4
2020M05,Transport,86.2
2020M04,Food,91.3
2020M04,Food and non-alcoholic beverages,91.3
2020M04,Non-food,89
2020M04,"Alcoholic beverages, tobacco and narcotics",91
2020M04,Clothing and footwear,92.4
2020M04,Education services,99.3
2020M04,"Furnishings, household equipment and routine household maintenance",93.5
2020M04,Health,92.8
2020M04,"Housing, water, electricity, gas and other fuels",79.1
2020M04,Information and communication,91.5
2020M04,Insurance and financial services,92
2020M04,"Personal care, social protection and miscellaneous goods and services",93.2
2020M04,"Recreation, sport and culture",94
2020M04,Restaurants and accommodation services,92.7
2020M04,Transport,86.7
2020M03,Food,85.8
2020M03,Food and non-alcoholic beverages,85.8
2020M03,Non-food,88.4
2020M03,"Alcoholic beverages, tobacco and narcotics",91
2020M03,Clothing and footwear,91.8
2020M03,Education services,99.1
2020M03,"Furnishings, household equipment and routine household maintenance",92.9
2020M03,Health,92
2020M03,"Housing, water, electricity, gas and other fuels",75.8
2020M03,Information and communication,90.6
2020M03,Insurance and financial services,92
2020M03,"Personal care, social protection and miscellaneous goods and services",93.1
2020M03,"Recreation, sport and culture",93.7
2020M03,Restaurants and accommodation services,92.7
2020M03,Transport,88.2
2020M02,Food,84.5
2020M02,Food and non-alcoholic beverages,84.5
2020M02,Non-food,88.1
2020M02,"Alcoholic beverages, tobacco and narcotics",90.7
2020M02,Clothing and footwear,91.4
2020M02,Education services,99
2020M02,"Furnishings, household equipment and routine household maintenance",92.4
2020M02,Health,91.7
2020M02,"Housing, water, electricity, gas and other fuels",75.4
2020M02,Information and communication,90.1
2020M02,Insurance and financial services,92
2020M02,"Personal care, social protection and miscellaneous goods and services",92.9
2020M02,"Recreation, sport and culture",93.6
2020M02,Restaurants and accommodation services,92.7
2020M02,Transport,88.2
2020M01,Food,84
2020M01,Food and non-alcoholic beverages,84
2020M01,Non-food,87.8
2020M01,"Alcoholic beverages, tobacco and narcotics",89.9
2020M01,Clothing and footwear,90
2020M01,Education services,99
2020M01,"Furnishings, household equipment and routine household maintenance",92.2
2020M01,Health,91.3
2020M01,"Housing, water, electricity, gas and other fuels",75.2
2020M01,Information and communication,90.1
2020M01,Insurance and financial services,92
2020M01,"Personal care, social protection and miscellaneous goods and services",92.6
2020M01,"Recreation, sport and culture",93.2
2020M01,Restaurants and accommodation services,93.2
2020M01,Transport,88.3
2019M12,Food,82.2
2019M12,Food and non-alcoholic beverages,82.2
2019M12,Non-food,87.1
2019M12,"Alcoholic beverages, tobacco and narcotics",89.9
2019M12,Clothing and footwear,88.8
2019M12,Education services,98.9
2019M12,"Furnishings, household equipment and routine household maintenance",91.9
2019M12,Health,91.1
2019M12,"Housing, water, electricity, gas and other fuels",74.1
2019M12,Information and communication,89.3
2019M12,Insurance and financial services,92
2019M12,"Personal care, social protection and miscellaneous goods and services",92
2019M12,"Recreation, sport and culture",93.1
2019M12,Restaurants and accommodation services,92.3
2019M12,Transport,87.7
2019M11,Food,82.7
2019M11,Food and non-alcoholic beverages,82.7
2019M11,Non-food,86.3
2019M11,"Alcoholic beverages, tobacco and narcotics",89.1
2019M11,Clothing and footwear,88.7
2019M11,Education services,96.9
2019M11,"Furnishings, household equipment and routine household maintenance",91.8
2019M11,Health,91.3
2019M11,"Housing, water, electricity, gas and other fuels",72.9
2019M11,Information and communication,89.6
2019M11,Insurance and financial services,92.3
2019M11,"Personal care, social protection and miscellaneous goods and services",92.1
2019M11,"Recreation, sport and culture",92.3
2019M11,Restaurants and accommodation services,90.7
2019M11,Transport,87.2
2019M10,Food,81.8
2019M10,Food and non-alcoholic beverages,81.8
2019M10,Non-food,86
2019M10,"Alcoholic beverages, tobacco and narcotics",88.2
2019M10,Clothing and footwear,88.7
2019M10,Education services,95.3
2019M10,"Furnishings, household equipment and routine household maintenance",91.6
2019M10,Health,91.1
2019M10,"Housing, water, electricity, gas and other fuels",72.7
2019M10,Information and communication,89.4
2019M10,Insurance and financial services,92.3
2019M10,"Personal care, social protection and miscellaneous goods and services",91.8
2019M10,"Recreation, sport and culture",92.4
2019M10,Restaurants and accommodation services,90.7
2019M10,Transport,87.1
2019M09,Food,82.8
2019M09,Food and non-alcoholic beverages,82.8
2019M09,Non-food,84.6
2019M09,"Alcoholic beverages, tobacco and narcotics",86.1
2019M09,Clothing and footwear,87.6
2019M09,Education services,94.8
2019M09,"Furnishings, household equipment and routine household maintenance",90.9
2019M09,Health,88.3
2019M09,"Housing, water, electricity, gas and other fuels",72.5
2019M09,Information and communication,89
2019M09,Insurance and financial services,92.5
2019M09,"Personal care, social protection and miscellaneous goods and services",90.5
2019M09,"Recreation, sport and culture",91.5
2019M09,Restaurants and accommodation services,90.7
2019M09,Transport,83.1
2019M08,Food,83.1
2019M08,Food and non-alcoholic beverages,83.1
2019M08,Non-food,84.5
2019M08,"Alcoholic beverages, tobacco and narcotics",86.1
2019M08,Clothing and footwear,87.6
2019M08,Education services,94.6
2019M08,"Furnishings, household equipment and routine household maintenance",90.9
2019M08,Health,88.2
2019M08,"Housing, water, electricity, gas and other fuels",72.4
2019M08,Information and communication,88.9
2019M08,Insurance and financial services,91.8
2019M08,"Personal care, social protection and miscellaneous goods and services",90.3
2019M08,"Recreation, sport and culture",91.3
2019M08,Restaurants and accommodation services,90.3
2019M08,Transport,82.9
2019M07,Food,82.3
2019M07,Food and non-alcoholic beverages,82.3
2019M07,Non-food,84.5
2019M07,"Alcoholic beverages, tobacco and narcotics",86.4
2019M07,Clothing and footwear,87.4
2019M07,Education services,94.6
2019M07,"Furnishings, household equipment and routine household maintenance",90.7
2019M07,Health,88.2
2019M07,"Housing, water, electricity, gas and other fuels",72.6
2019M07,Information and communication,88.7
2019M07,Insurance and financial services,91.8
2019M07,"Personal care, social protection and miscellaneous goods and services",90.1
2019M07,"Recreation, sport and culture",91.2
2019M07,Restaurants and accommodation services,90.3
2019M07,Transport,82.7
2019M06,Food,82.2
2019M06,Food and non-alcoholic beverages,82.2
2019M06,Non-food,84.1
2019M06,"Alcoholic beverages, tobacco and narcotics",85.5
2019M06,Clothing and footwear,87.4
2019M06,Education services,95.4
2019M06,"Furnishings, household equipment and routine household maintenance",90.1
2019M06,Health,87.3
2019M06,"Housing, water, electricity, gas and other fuels",71.7
2019M06,Information and communication,88.3
2019M06,Insurance and financial services,91.8
2019M06,"Personal care, social protection and miscellaneous goods and services",89.6
2019M06,"Recreation, sport and culture",90.7
2019M06,Restaurants and accommodation services,89.8
2019M06,Transport,82.4
2019M05,Food,81.3
2019M05,Food and non-alcoholic beverages,81.3
2019M05,Non-food,83.2
2019M05,"Alcoholic beverages, tobacco and narcotics",83.6
2019M05,Clothing and footwear,86.3
2019M05,Education services,92.7
2019M05,"Furnishings, household equipment and routine household maintenance",90
2019M05,Health,87.1
2019M05,"Housing, water, electricity, gas and other fuels",71.7
2019M05,Information and communication,88.1
2019M05,Insurance and financial services,91.8
2019M05,"Personal care, social protection and miscellaneous goods and services",88.8
2019M05,"Recreation, sport and culture",87.7
2019M05,Restaurants and accommodation services,89.5
2019M05,Transport,81.8
2019M04,Food,79.9
2019M04,Food and non-alcoholic beverages,79.9
2019M04,Non-food,82.7
2019M04,"Alcoholic beverages, tobacco and narcotics",82.9
2019M04,Clothing and footwear,85.4
2019M04,Education services,92.7
2019M04,"Furnishings, household equipment and routine household maintenance",89.5
2019M04,Health,87.1
2019M04,"Housing, water, electricity, gas and other fuels",71.1
2019M04,Information and communication,87.9
2019M04,Insurance and financial services,91.9
2019M04,"Personal care, social protection and miscellaneous goods and services",87.5
2019M04,"Recreation, sport and culture",87
2019M04,Restaurants and accommodation services,89.5
2019M04,Transport,81.3
2019M03,Food,79.2
2019M03,Food and non-alcoholic beverages,79.2
2019M03,Non-food,82.3
2019M03,"Alcoholic beverages, tobacco and narcotics",81.7
2019M03,Clothing and footwear,84.8
2019M03,Education services,92.6
2019M03,"Furnishings, household equipment and routine household maintenance",89.1
2019M03,Health,86.6
2019M03,"Housing, water, electricity, gas and other fuels",71
2019M03,Information and communication,87.8
2019M03,Insurance and financial services,91.9
2019M03,"Personal care, social protection and miscellaneous goods and services",86.7
2019M03,"Recreation, sport and culture",86.4
2019M03,Restaurants and accommodation services,89.6
2019M03,Transport,80.8
2019M02,Food,78.4
2019M02,Food and non-alcoholic beverages,78.4
2019M02,Non-food,81.8
2019M02,"Alcoholic beverages, tobacco and narcotics",81.3
2019M02,Clothing and footwear,84.3
2019M02,Education services,92.6
2019M02,"Furnishings, household equipment and routine household maintenance",88.7
2019M02,Health,86.2
2019M02,"Housing, water, electricity, gas and other fuels",70.9
2019M02,Information and communication,87.4
2019M02,Insurance and financial services,91.7
2019M02,"Personal care, social protection and miscellaneous goods and services",86.4
2019M02,"Recreation, sport and culture",86.3
2019M02,Restaurants and accommodation services,86.8
2019M02,Transport,80.3
2019M01,Food,78.1
2019M01,Food and non-alcoholic beverages,78.1
2019M01,Non-food,81.4
2019M01,"Alcoholic beverages, tobacco and narcotics",80.9
2019M01,Clothing and footwear,84.1
2019M01,Education services,92.5
2019M01,"Furnishings, household equipment and routine household maintenance",88.5
2019M01,Health,85.9
2019M01,"Housing, water, electricity, gas and other fuels",69.9
2019M01,Information and communication,87.2
2019M01,Insurance and financial services,91.4
2019M01,"Personal care, social protection and miscellaneous goods and services",86.2
2019M01,"Recreation, sport and culture",86
2019M01,Restaurants and accommodation services,86.7
2019M01,Transport,79.9
2018M12,Food,76.8
2018M12,Food and non-alcoholic beverages,76.8
2018M12,Non-food,80.4
2018M12,"Alcoholic beverages, tobacco and narcotics",79.2
2018M12,Clothing and footwear,83.4
2018M12,Education services,92.7
2018M12,"Furnishings, household equipment and routine household maintenance",87.9
2018M12,Health,85.4
2018M12,"Housing, water, electricity, gas and other fuels",67
2018M12,Information and communication,86.7
2018M12,Insurance and financial services,91.5
2018M12,"Personal care, social protection and miscellaneous goods and services",85.7
2018M12,"Recreation, sport and culture",85.6
2018M12,Restaurants and accommodation services,87.6
2018M12,Transport,79.1
2018M11,Food,76.4
2018M11,Food and non-alcoholic beverages,76.4
2018M11,Non-food,79.9
2018M11,"Alcoholic beverages, tobacco and narcotics",78.6
2018M11,Clothing and footwear,83.2
2018M11,Education services,92.6
2018M11,"Furnishings, household equipment and routine household maintenance",87.6
2018M11,Health,85.3
2018M11,"Housing, water, electricity, gas and other fuels",66.5
2018M11,Information and communication,86.9
2018M11,Insurance and financial services,91.5
2018M11,"Personal care, social protection and miscellaneous goods and services",85
2018M11,"Recreation, sport and culture",86.1
2018M11,Restaurants and accommodation services,87.4
2018M11,Transport,77.7
2018M10,Food,76.5
2018M10,Food and non-alcoholic beverages,76.5
2018M10,Non-food,79.5
2018M10,"Alcoholic beverages, tobacco and narcotics",77.9
2018M10,Clothing and footwear,82.7
2018M10,Education services,92.2
2018M10,"Furnishings, household equipment and routine household maintenance",86.6
2018M10,Health,83.9
2018M10,"Housing, water, electricity, gas and other fuels",66.2
2018M10,Information and communication,86.6
2018M10,Insurance and financial services,91.5
2018M10,"Personal care, social protection and miscellaneous goods and services",84.8
2018M10,"Recreation, sport and culture",86
2018M10,Restaurants and accommodation services,87.1
2018M10,Transport,77.2
2018M09,Food,76.4
2018M09,Food and non-alcoholic beverages,76.4
2018M09,Non-food,79.2
2018M09,"Alcoholic beverages, tobacco and narcotics",76.8
2018M09,Clothing and footwear,82.6
2018M09,Education services,92.1
2018M09,"Furnishings, household equipment and routine household maintenance",86.2
2018M09,Health,83.7
2018M09,"Housing, water, electricity, gas and other fuels",65.9
2018M09,Information and communication,87.2
2018M09,Insurance and financial services,91.5
2018M09,"Personal care, social protection and miscellaneous goods and services",84.5
2018M09,"Recreation, sport and culture",85.7
2018M09,Restaurants and accommodation services,87
2018M09,Transport,76.4
2018M08,Food,76.9
2018M08,Food and non-alcoholic beverages,76.9
2018M08,Non-food,78.7
2018M08,"Alcoholic beverages, tobacco and narcotics",76.3
2018M08,Clothing and footwear,82.2
2018M08,Education services,91.9
2018M08,"Furnishings, household equipment and routine household maintenance",85.8
2018M08,Health,83.7
2018M08,"Housing, water, electricity, gas and other fuels",65.9
2018M08,Information and communication,87.1
2018M08,Insurance and financial services,91.5
2018M08,"Personal care, social protection and miscellaneous goods and services",84.2
2018M08,"Recreation, sport and culture",85.7
2018M08,Restaurants and accommodation services,86.2
2018M08,Transport,75.1
2018M07,Food,77.1
2018M07,Food and non-alcoholic beverages,77.1
2018M07,Non-food,78.2
2018M07,"Alcoholic beverages, tobacco and narcotics",75.9
2018M07,Clothing and footwear,81.6
2018M07,Education services,91.8
2018M07,"Furnishings, household equipment and routine household maintenance",85.5
2018M07,Health,82.8
2018M07,"Housing, water, electricity, gas and other fuels",65
2018M07,Information and communication,86.9
2018M07,Insurance and financial services,91.2
2018M07,"Personal care, social protection and miscellaneous goods and services",83.8
2018M07,"Recreation, sport and culture",85.7
2018M07,Restaurants and accommodation services,85.7
2018M07,Transport,74.6
2018M06,Food,76.9
2018M06,Food and non-alcoholic beverages,76.9
2018M06,Non-food,77.9
2018M06,"Alcoholic beverages, tobacco and narcotics",75.1
2018M06,Clothing and footwear,81.5
2018M06,Education services,91.8
2018M06,"Furnishings, household equipment and routine household maintenance",85.1
2018M06,Health,82.7
2018M06,"Housing, water, electricity, gas and other fuels",65
2018M06,Information and communication,86.8
2018M06,Insurance and financial services,91.2
2018M06,"Personal care, social protection and miscellaneous goods and services",83.3
2018M06,"Recreation, sport and culture",85.7
2018M06,Restaurants and accommodation services,85.7
2018M06,Transport,73.7
2018M05,Food,76
2018M05,Food and non-alcoholic beverages,76
2018M05,Non-food,77.7
2018M05,"Alcoholic beverages, tobacco and narcotics",74.8
2018M05,Clothing and footwear,81.3
2018M05,Education services,91.7
2018M05,"Furnishings, household equipment and routine household maintenance",84.9
2018M05,Health,82.3
2018M05,"Housing, water, electricity, gas and other fuels",65.2
2018M05,Information and communication,86.9
2018M05,Insurance and financial services,91.2
2018M05,"Personal care, social protection and miscellaneous goods and services",83
2018M05,"Recreation, sport and culture",85.6
2018M05,Restaurants and accommodation services,85.6
2018M05,Transport,73
2018M04,Food,75.7
2018M04,Food and non-alcoholic beverages,75.7
2018M04,Non-food,77.2
2018M04,"Alcoholic beverages, tobacco and narcotics",74.6
2018M04,Clothing and footwear,80.8
2018M04,Education services,91.7
2018M04,"Furnishings, household equipment and routine household maintenance",85.1
2018M04,Health,82.2
2018M04,"Housing, water, electricity, gas and other fuels",63.4
2018M04,Information and communication,86.7
2018M04,Insurance and financial services,91.2
2018M04,"Personal care, social protection and miscellaneous goods and services",83
2018M04,"Recreation, sport and culture",85.4
2018M04,Restaurants and accommodation services,85.4
2018M04,Transport,72.9
2018M03,Food,75
2018M03,Food and non-alcoholic beverages,75
2018M03,Non-food,76.8
2018M03,"Alcoholic beverages, tobacco and narcotics",74.3
2018M03,Clothing and footwear,80.7
2018M03,Education services,91.5
2018M03,"Furnishings, household equipment and routine household maintenance",84.8
2018M03,Health,82
2018M03,"Housing, water, electricity, gas and other fuels",62.2
2018M03,Information and communication,86.5
2018M03,Insurance and financial services,91.2
2018M03,"Personal care, social protection and miscellaneous goods and services",82.7
2018M03,"Recreation, sport and culture",85.3
2018M03,Restaurants and accommodation services,85.3
2018M03,Transport,72.5
2018M02,Food,74.7
2018M02,Food and non-alcoholic beverages,74.7
2018M02,Non-food,76.5
2018M02,"Alcoholic beverages, tobacco and narcotics",74.2
2018M02,Clothing and footwear,80.4
2018M02,Education services,91.4
2018M02,"Furnishings, household equipment and routine household maintenance",84.5
2018M02,Health,81.9
2018M02,"Housing, water, electricity, gas and other fuels",62.3
2018M02,Information and communication,86.1
2018M02,Insurance and financial services,91.2
2018M02,"Personal care, social protection and miscellaneous goods and services",82.4
2018M02,"Recreation, sport and culture",85.2
2018M02,Restaurants and accommodation services,84.7
2018M02,Transport,72
2018M01,Food,74.6
2018M01,Food and non-alcoholic beverages,74.6
2018M01,Non-food,76.3
2018M01,"Alcoholic beverages, tobacco and narcotics",74.1
2018M01,Clothing and footwear,80
2018M01,Education services,91.1
2018M01,"Furnishings, household equipment and routine household maintenance",84.2
2018M01,Health,81.8
2018M01,"Housing, water, electricity, gas and other fuels",62.2
2018M01,Information and communication,85.8
2018M01,Insurance and financial services,91.2
2018M01,"Personal care, social protection and miscellaneous goods and services",82.2
2018M01,"Recreation, sport and culture",85.1
2018M01,Restaurants and accommodation services,84.7
2018M01,Transport,71.5
2017M12,Food,73
2017M12,Food and non-alcoholic beverages,73
2017M12,Non-food,75.5
2017M12,"Alcoholic beverages, tobacco and narcotics",73.8
2017M12,Clothing and footwear,78.9
2017M12,Education services,89.9
2017M12,"Furnishings, household equipment and routine household maintenance",83
2017M12,Health,80.8
2017M12,"Housing, water, electricity, gas and other fuels",61.7
2017M12,Information and communication,85.3
2017M12,Insurance and financial services,90.1
2017M12,"Personal care, social protection and miscellaneous goods and services",81.3
2017M12,"Recreation, sport and culture",84
2017M12,Restaurants and accommodation services,84
2017M12,Transport,70.9
2017M11,Food,72.1
2017M11,Food and non-alcoholic beverages,72.1
2017M11,Non-food,74.8
2017M11,"Alcoholic beverages, tobacco and narcotics",72.6
2017M11,Clothing and footwear,78
2017M11,Education services,89.9
2017M11,"Furnishings, household equipment and routine household maintenance",82.1
2017M11,Health,80.1
2017M11,"Housing, water, electricity, gas and other fuels",61.4
2017M11,Information and communication,84.5
2017M11,Insurance and financial services,89.1
2017M11,"Personal care, social protection and miscellaneous goods and services",80.4
2017M11,"Recreation, sport and culture",82.8
2017M11,Restaurants and accommodation services,83.4
2017M11,Transport,70.3
2017M10,Food,71.2
2017M10,Food and non-alcoholic beverages,71.2
2017M10,Non-food,74.2
2017M10,"Alcoholic beverages, tobacco and narcotics",72.2
2017M10,Clothing and footwear,76.9
2017M10,Education services,89.9
2017M10,"Furnishings, household equipment and routine household maintenance",81.2
2017M10,Health,79.6
2017M10,"Housing, water, electricity, gas and other fuels",61
2017M10,Information and communication,84
2017M10,Insurance and financial services,88.6
2017M10,"Personal care, social protection and miscellaneous goods and services",80
2017M10,"Recreation, sport and culture",82.1
2017M10,Restaurants and accommodation services,83.4
2017M10,Transport,69.6
2017M09,Food,71.3
2017M09,Food and non-alcoholic beverages,71.3
2017M09,Non-food,73.2
2017M09,"Alcoholic beverages, tobacco and narcotics",71.9
2017M09,Clothing and footwear,75.3
2017M09,Education services,89.7
2017M09,"Furnishings, household equipment and routine household maintenance",79.9
2017M09,Health,78.9
2017M09,"Housing, water, electricity, gas and other fuels",60.4
2017M09,Information and communication,83
2017M09,Insurance and financial services,86.8
2017M09,"Personal care, social protection and miscellaneous goods and services",78.3
2017M09,"Recreation, sport and culture",80.3
2017M09,Restaurants and accommodation services,82.4
2017M09,Transport,68.7
2017M08,Food,72.6
2017M08,Food and non-alcoholic beverages,72.6
2017M08,Non-food,72.5
2017M08,"Alcoholic beverages, tobacco and narcotics",71.4
2017M08,Clothing and footwear,74.3
2017M08,Education services,88.1
2017M08,"Furnishings, household equipment and routine household maintenance",79.4
2017M08,Health,78.7
2017M08,"Housing, water, electricity, gas and other fuels",60.1
2017M08,Information and communication,82.6
2017M08,Insurance and financial services,86.3
2017M08,"Personal care, social protection and miscellaneous goods and services",77.8
2017M08,"Recreation, sport and culture",79.7
2017M08,Restaurants and accommodation services,82.4
2017M08,Transport,68
2017M07,Food,73.5
2017M07,Food and non-alcoholic beverages,73.5
2017M07,Non-food,72.4
2017M07,"Alcoholic beverages, tobacco and narcotics",71.3
2017M07,Clothing and footwear,73.8
2017M07,Education services,88
2017M07,"Furnishings, household equipment and routine household maintenance",79.2
2017M07,Health,78.7
2017M07,"Housing, water, electricity, gas and other fuels",60
2017M07,Information and communication,82.6
2017M07,Insurance and financial services,85.9
2017M07,"Personal care, social protection and miscellaneous goods and services",77.5
2017M07,"Recreation, sport and culture",46.8
2017M07,Restaurants and accommodation services,82.4
2017M07,Transport,67.9
2017M06,Food,73.3
2017M06,Food and non-alcoholic beverages,73.3
2017M06,Non-food,71.7
2017M06,"Alcoholic beverages, tobacco and narcotics",70.5
2017M06,Clothing and footwear,72.9
2017M06,Education services,88
2017M06,"Furnishings, household equipment and routine household maintenance",78.3
2017M06,Health,78.2
2017M06,"Housing, water, electricity, gas and other fuels",59.7
2017M06,Information and communication,82.2
2017M06,Insurance and financial services,84.8
2017M06,"Personal care, social protection and miscellaneous goods and services",76.5
2017M06,"Recreation, sport and culture",78.7
2017M06,Restaurants and accommodation services,81.3
2017M06,Transport,67.5
2017M05,Food,72.3
2017M05,Food and non-alcoholic beverages,72.3
2017M05,Non-food,71.3
2017M05,"Alcoholic beverages, tobacco and narcotics",70.2
2017M05,Clothing and footwear,72
2017M05,Education services,87.9
2017M05,"Furnishings, household equipment and routine household maintenance",77.6
2017M05,Health,77.8
2017M05,"Housing, water, electricity, gas and other fuels",59.3
2017M05,Information and communication,81.7
2017M05,Insurance and financial services,84.5
2017M05,"Personal care, social protection and miscellaneous goods and services",76.2
2017M05,"Recreation, sport and culture",78
2017M05,Restaurants and accommodation services,81.1
2017M05,Transport,67.1
2017M04,Food,71.7
2017M04,Food and non-alcoholic beverages,71.7
2017M04,Non-food,70.8
2017M04,"Alcoholic beverages, tobacco and narcotics",69.6
2017M04,Clothing and footwear,71.1
2017M04,Education services,86.5
2017M04,"Furnishings, household equipment and routine household maintenance",77.3
2017M04,Health,77.4
2017M04,"Housing, water, electricity, gas and other fuels",59.1
2017M04,Information and communication,81.2
2017M04,Insurance and financial services,84
2017M04,"Personal care, social protection and miscellaneous goods and services",75.8
2017M04,"Recreation, sport and culture",77.7
2017M04,Restaurants and accommodation services,80.3
2017M04,Transport,67.1
2017M03,Food,71
2017M03,Food and non-alcoholic beverages,71
2017M03,Non-food,69.5
2017M03,"Alcoholic beverages, tobacco and narcotics",69.2
2017M03,Clothing and footwear,70.5
2017M03,Education services,86.5
2017M03,"Furnishings, household equipment and routine household maintenance",98.4
2017M03,Health,76.9
2017M03,"Housing, water, electricity, gas and other fuels",58.8
2017M03,Information and communication,80.5
2017M03,Insurance and financial services,83.1
2017M03,"Personal care, social protection and miscellaneous goods and services",75
2017M03,"Recreation, sport and culture",77.3
2017M03,Restaurants and accommodation services,79.7
2017M03,Transport,61.5
2017M02,Food,70.3
2017M02,Food and non-alcoholic beverages,70.3
2017M02,Non-food,68.5
2017M02,"Alcoholic beverages, tobacco and narcotics",68.5
2017M02,Clothing and footwear,69.3
2017M02,Education services,86.4
2017M02,"Furnishings, household equipment and routine household maintenance",75.9
2017M02,Health,76.4
2017M02,"Housing, water, electricity, gas and other fuels",58
2017M02,Information and communication,79.9
2017M02,Insurance and financial services,81.5
2017M02,"Personal care, social protection and miscellaneous goods and services",73.5
2017M02,"Recreation, sport and culture",75.8
2017M02,Restaurants and accommodation services,78.3
2017M02,Transport,60.7
2017M01,Food,69.8
2017M01,Food and non-alcoholic beverages,69.8
2017M01,Non-food,68.1
2017M01,"Alcoholic beverages, tobacco and narcotics",68
2017M01,Clothing and footwear,68.6
2017M01,Education services,86.4
2017M01,"Furnishings, household equipment and routine household maintenance",75.2
2017M01,Health,76.4
2017M01,"Housing, water, electricity, gas and other fuels",57.9
2017M01,Information and communication,79.9
2017M01,Insurance and financial services,80.9
2017M01,"Personal care, social protection and miscellaneous goods and services",73
2017M01,"Recreation, sport and culture",74.9
2017M01,Restaurants and accommodation services,77.8
2017M01,Transport,60.6
2016M12,Food,67.6
2016M12,Food and non-alcoholic beverages,67.6
2016M12,Non-food,66.4
2016M12,"Alcoholic beverages, tobacco and narcotics",67.1
2016M12,Clothing and footwear,66.5
2016M12,Education services,83.1
2016M12,"Furnishings, household equipment and routine household maintenance",72.1
2016M12,Health,76
2016M12,"Housing, water, electricity, gas and other fuels",56.6
2016M12,Information and communication,77.8
2016M12,Insurance and financial services,79.3
2016M12,"Personal care, social protection and miscellaneous goods and services",71.5
2016M12,"Recreation, sport and culture",71.5
2016M12,Restaurants and accommodation services,76.5
2016M12,Transport,59.7
2016M11,Food,66.8
2016M11,Food and non-alcoholic beverages,66.8
2016M11,Non-food,65.9
2016M11,"Alcoholic beverages, tobacco and narcotics",66.3
2016M11,Clothing and footwear,66
2016M11,Education services,82.6
2016M11,"Furnishings, household equipment and routine household maintenance",71.3
2016M11,Health,75.9
2016M11,"Housing, water, electricity, gas and other fuels",56.5
2016M11,Information and communication,77.2
2016M11,Insurance and financial services,78.2
2016M11,"Personal care, social protection and miscellaneous goods and services",70.5
2016M11,"Recreation, sport and culture",70.7
2016M11,Restaurants and accommodation services,75.4
2016M11,Transport,59.2
2016M10,Food,65.8
2016M10,Food and non-alcoholic beverages,65.8
2016M10,Non-food,65.5
2016M10,"Alcoholic beverages, tobacco and narcotics",65.8
2016M10,Clothing and footwear,65.7
2016M10,Education services,82.2
2016M10,"Furnishings, household equipment and routine household maintenance",71
2016M10,Health,75.9
2016M10,"Housing, water, electricity, gas and other fuels",57.1
2016M10,Information and communication,76.4
2016M10,Insurance and financial services,77.4
2016M10,"Personal care, social protection and miscellaneous goods and services",69.8
2016M10,"Recreation, sport and culture",70.3
2016M10,Restaurants and accommodation services,74.5
2016M10,Transport,58.7
2016M09,Food,65.9
2016M09,Food and non-alcoholic beverages,65.9
2016M09,Non-food,64.1
2016M09,"Alcoholic beverages, tobacco and narcotics",64.6
2016M09,Clothing and footwear,64.9
2016M09,Education services,82.2
2016M09,"Furnishings, household equipment and routine household maintenance",67.9
2016M09,Health,70
2016M09,"Housing, water, electricity, gas and other fuels",57
2016M09,Information and communication,75.9
2016M09,Insurance and financial services,75.2
2016M09,"Personal care, social protection and miscellaneous goods and services",67.8
2016M09,"Recreation, sport and culture",67.6
2016M09,Restaurants and accommodation services,74
2016M09,Transport,56.3
2016M08,Food,67.6
2016M08,Food and non-alcoholic beverages,67.6
2016M08,Non-food,63.2
2016M08,"Alcoholic beverages, tobacco and narcotics",63.7
2016M08,Clothing and footwear,63.7
2016M08,Education services,80.5
2016M08,"Furnishings, household equipment and routine household maintenance",66.7
2016M08,Health,69.2
2016M08,"Housing, water, electricity, gas and other fuels",56.2
2016M08,Information and communication,75.3
2016M08,Insurance and financial services,74.3
2016M08,"Personal care, social protection and miscellaneous goods and services",67
2016M08,"Recreation, sport and culture",66.7
2016M08,Restaurants and accommodation services,73.2
2016M08,Transport,55.6
2016M07,Food,68.5
2016M07,Food and non-alcoholic beverages,68.5
2016M07,Non-food,63.4
2016M07,"Alcoholic beverages, tobacco and narcotics",64
2016M07,Clothing and footwear,63.8
2016M07,Education services,80.5
2016M07,"Furnishings, household equipment and routine household maintenance",66.7
2016M07,Health,69.2
2016M07,"Housing, water, electricity, gas and other fuels",56.5
2016M07,Information and communication,75.3
2016M07,Insurance and financial services,74.8
2016M07,"Personal care, social protection and miscellaneous goods and services",67.5
2016M07,"Recreation, sport and culture",66.7
2016M07,Restaurants and accommodation services,73.4
2016M07,Transport,55.6
2016M06,Food,69.1
2016M06,Food and non-alcoholic beverages,69.1
2016M06,Non-food,62.3
2016M06,"Alcoholic beverages, tobacco and narcotics",63.1
2016M06,Clothing and footwear,62.5
2016M06,Education services,79.3
2016M06,"Furnishings, household equipment and routine household maintenance",64.9
2016M06,Health,68.4
2016M06,"Housing, water, electricity, gas and other fuels",55.7
2016M06,Information and communication,74
2016M06,Insurance and financial services,73.5
2016M06,"Personal care, social protection and miscellaneous goods and services",66.4
2016M06,"Recreation, sport and culture",65.2
2016M06,Restaurants and accommodation services,72.6
2016M06,Transport,54.8
2016M05,Food,68
2016M05,Food and non-alcoholic beverages,68
2016M05,Non-food,61.6
2016M05,"Alcoholic beverages, tobacco and narcotics",62.3
2016M05,Clothing and footwear,61.7
2016M05,Education services,77.1
2016M05,"Furnishings, household equipment and routine household maintenance",64.3
2016M05,Health,67.7
2016M05,"Housing, water, electricity, gas and other fuels",55.3
2016M05,Information and communication,73.4
2016M05,Insurance and financial services,72.6
2016M05,"Personal care, social protection and miscellaneous goods and services",65.5
2016M05,"Recreation, sport and culture",64.3
2016M05,Restaurants and accommodation services,71.9
2016M05,Transport,54.3
2016M04,Food,67.2
2016M04,Food and non-alcoholic beverages,67.2
2016M04,Non-food,60.9
2016M04,"Alcoholic beverages, tobacco and narcotics",61.6
2016M04,Clothing and footwear,60.9
2016M04,Education services,75.9
2016M04,"Furnishings, household equipment and routine household maintenance",63.4
2016M04,Health,67.2
2016M04,"Housing, water, electricity, gas and other fuels",54.9
2016M04,Information and communication,72.9
2016M04,Insurance and financial services,71.9
2016M04,"Personal care, social protection and miscellaneous goods and services",64.9
2016M04,"Recreation, sport and culture",63.5
2016M04,Restaurants and accommodation services,70.9
2016M04,Transport,53.7
2016M03,Food,66.2
2016M03,Food and non-alcoholic beverages,66.2
2016M03,Non-food,60.1
2016M03,"Alcoholic beverages, tobacco and narcotics",60.7
2016M03,Clothing and footwear,59.7
2016M03,Education services,73.8
2016M03,"Furnishings, household equipment and routine household maintenance",62.5
2016M03,Health,66.4
2016M03,"Housing, water, electricity, gas and other fuels",54.5
2016M03,Information and communication,72.4
2016M03,Insurance and financial services,71.2
2016M03,"Personal care, social protection and miscellaneous goods and services",64.3
2016M03,"Recreation, sport and culture",62.5
2016M03,Restaurants and accommodation services,69.8
2016M03,Transport,53.3
2016M02,Food,65.6
2016M02,Food and non-alcoholic beverages,65.6
2016M02,Non-food,58.8
2016M02,"Alcoholic beverages, tobacco and narcotics",60.2
2016M02,Clothing and footwear,58.8
2016M02,Education services,72.2
2016M02,"Furnishings, household equipment and routine household maintenance",62
2016M02,Health,65.3
2016M02,"Housing, water, electricity, gas and other fuels",54.2
2016M02,Information and communication,72.2
2016M02,Insurance and financial services,70.7
2016M02,"Personal care, social protection and miscellaneous goods and services",63.8
2016M02,"Recreation, sport and culture",61.7
2016M02,Restaurants and accommodation services,68.7
2016M02,Transport,49.2
2016M01,Food,65.2
2016M01,Food and non-alcoholic beverages,65.2
2016M01,Non-food,58.4
2016M01,"Alcoholic beverages, tobacco and narcotics",59.8
2016M01,Clothing and footwear,58.1
2016M01,Education services,69
2016M01,"Furnishings, household equipment and routine household maintenance",61.5
2016M01,Health,64.6
2016M01,"Housing, water, electricity, gas and other fuels",55.4
2016M01,Information and communication,70.9
2016M01,Insurance and financial services,69.8
2016M01,"Personal care, social protection and miscellaneous goods and services",62.9
2016M01,"Recreation, sport and culture",60.2
2016M01,Restaurants and accommodation services,68.6
2016M01,Transport,48.7
2015M12,Food,61.6
2015M12,Food and non-alcoholic beverages,61.6
2015M12,Non-food,56.2
2015M12,"Alcoholic beverages, tobacco and narcotics",59.1
2015M12,Clothing and footwear,57.1
2015M12,Education services,67.4
2015M12,"Furnishings, household equipment and routine household maintenance",60.7
2015M12,Health,64.1
2015M12,"Housing, water, electricity, gas and other fuels",47.1
2015M12,Information and communication,70.2
2015M12,Insurance and financial services,69.2
2015M12,"Personal care, social protection and miscellaneous goods and services",62.4
2015M12,"Recreation, sport and culture",59.5
2015M12,Restaurants and accommodation services,67.3
2015M12,Transport,47
2015M11,Food,61.1
2015M11,Food and non-alcoholic beverages,61.1
2015M11,Non-food,55.5
2015M11,"Alcoholic beverages, tobacco and narcotics",58.2
2015M11,Clothing and footwear,56.3
2015M11,Education services,65.7
2015M11,"Furnishings, household equipment and routine household maintenance",59.2
2015M11,Health,63.3
2015M11,"Housing, water, electricity, gas and other fuels",46.9
2015M11,Information and communication,70.2
2015M11,Insurance and financial services,68.5
2015M11,"Personal care, social protection and miscellaneous goods and services",61.8
2015M11,"Recreation, sport and culture",58.4
2015M11,Restaurants and accommodation services,66.9
2015M11,Transport,46.3
2015M10,Food,60.6
2015M10,Food and non-alcoholic beverages,60.6
2015M10,Non-food,54.9
2015M10,"Alcoholic beverages, tobacco and narcotics",58
2015M10,Clothing and footwear,55.1
2015M10,Education services,65.3
2015M10,"Furnishings, household equipment and routine household maintenance",58.1
2015M10,Health,62.8
2015M10,"Housing, water, electricity, gas and other fuels",46.4
2015M10,Information and communication,70
2015M10,Insurance and financial services,68.2
2015M10,"Personal care, social protection and miscellaneous goods and services",61.6
2015M10,"Recreation, sport and culture",56.7
2015M10,Restaurants and accommodation services,66.6
2015M10,Transport,46.2
2015M09,Food,60.5
2015M09,Food and non-alcoholic beverages,60.5
2015M09,Non-food,52.7
2015M09,"Alcoholic beverages, tobacco and narcotics",55.9
2015M09,Clothing and footwear,52.7
2015M09,Education services,62
2015M09,"Furnishings, household equipment and routine household maintenance",55.2
2015M09,Health,60.7
2015M09,"Housing, water, electricity, gas and other fuels",44.5
2015M09,Information and communication,68.2
2015M09,Insurance and financial services,66.4
2015M09,"Personal care, social protection and miscellaneous goods and services",59.9
2015M09,"Recreation, sport and culture",53
2015M09,Restaurants and accommodation services,63.7
2015M09,Transport,44.2
2015M08,Food,62.3
2015M08,Food and non-alcoholic beverages,62.3
2015M08,Non-food,52
2015M08,"Alcoholic beverages, tobacco and narcotics",55.6
2015M08,Clothing and footwear,51.8
2015M08,Education services,60.1
2015M08,"Furnishings, household equipment and routine household maintenance",54.7
2015M08,Health,60.5
2015M08,"Housing, water, electricity, gas and other fuels",43.9
2015M08,Information and communication,67.3
2015M08,Insurance and financial services,65.1
2015M08,"Personal care, social protection and miscellaneous goods and services",58.7
2015M08,"Recreation, sport and culture",52.4
2015M08,Restaurants and accommodation services,63.6
2015M08,Transport,43.6
2015M07,Food,63.1
2015M07,Food and non-alcoholic beverages,63.1
2015M07,Non-food,52.3
2015M07,"Alcoholic beverages, tobacco and narcotics",54.9
2015M07,Clothing and footwear,51.4
2015M07,Education services,59.5
2015M07,"Furnishings, household equipment and routine household maintenance",54.2
2015M07,Health,60.4
2015M07,"Housing, water, electricity, gas and other fuels",45.1
2015M07,Information and communication,66.7
2015M07,Insurance and financial services,63.9
2015M07,"Personal care, social protection and miscellaneous goods and services",57.6
2015M07,"Recreation, sport and culture",52
2015M07,Restaurants and accommodation services,63.6
2015M07,Transport,43.7
2015M06,Food,63.6
2015M06,Food and non-alcoholic beverages,63.6
2015M06,Non-food,50.2
2015M06,"Alcoholic beverages, tobacco and narcotics",54.9
2015M06,Clothing and footwear,51
2015M06,Education services,59.5
2015M06,"Furnishings, household equipment and routine household maintenance",53.5
2015M06,Health,60
2015M06,"Housing, water, electricity, gas and other fuels",42
2015M06,Information and communication,65.8
2015M06,Insurance and financial services,63.7
2015M06,"Personal care, social protection and miscellaneous goods and services",57.4
2015M06,"Recreation, sport and culture",51.2
2015M06,Restaurants and accommodation services,63.2
2015M06,Transport,39.1
2015M05,Food,62.7
2015M05,Food and non-alcoholic beverages,62.7
2015M05,Non-food,49.2
2015M05,"Alcoholic beverages, tobacco and narcotics",53.7
2015M05,Clothing and footwear,50.3
2015M05,Education services,58.3
2015M05,"Furnishings, household equipment and routine household maintenance",52.8
2015M05,Health,59.4
2015M05,"Housing, water, electricity, gas and other fuels",40.7
2015M05,Information and communication,64.8
2015M05,Insurance and financial services,62.9
2015M05,"Personal care, social protection and miscellaneous goods and services",56.8
2015M05,"Recreation, sport and culture",50.2
2015M05,Restaurants and accommodation services,62.8
2015M05,Transport,38.5
2015M04,Food,62
2015M04,Food and non-alcoholic beverages,62
2015M04,Non-food,48.8
2015M04,"Alcoholic beverages, tobacco and narcotics",53.3
2015M04,Clothing and footwear,49.5
2015M04,Education services,58
2015M04,"Furnishings, household equipment and routine household maintenance",52.1
2015M04,Health,59.1
2015M04,"Housing, water, electricity, gas and other fuels",40.4
2015M04,Information and communication,64.5
2015M04,Insurance and financial services,62.7
2015M04,"Personal care, social protection and miscellaneous goods and services",56.5
2015M04,"Recreation, sport and culture",49.6
2015M04,Restaurants and accommodation services,61.9
2015M04,Transport,38.3
2015M03,Food,61.1
2015M03,Food and non-alcoholic beverages,61.1
2015M03,Non-food,47.8
2015M03,"Alcoholic beverages, tobacco and narcotics",52.7
2015M03,Clothing and footwear,49.3
2015M03,Education services,57.7
2015M03,"Furnishings, household equipment and routine household maintenance",50.8
2015M03,Health,58.4
2015M03,"Housing, water, electricity, gas and other fuels",39
2015M03,Information and communication,63.7
2015M03,Insurance and financial services,60.2
2015M03,"Personal care, social protection and miscellaneous goods and services",54.3
2015M03,"Recreation, sport and culture",49.3
2015M03,Restaurants and accommodation services,60.2
2015M03,Transport,38.1
2015M02,Food,60.6
2015M02,Food and non-alcoholic beverages,60.6
2015M02,Non-food,47.3
2015M02,"Alcoholic beverages, tobacco and narcotics",51.6
2015M02,Clothing and footwear,49.3
2015M02,Education services,57.6
2015M02,"Furnishings, household equipment and routine household maintenance",50.5
2015M02,Health,57
2015M02,"Housing, water, electricity, gas and other fuels",38.4
2015M02,Information and communication,63.1
2015M02,Insurance and financial services,59
2015M02,"Personal care, social protection and miscellaneous goods and services",53.2
2015M02,"Recreation, sport and culture",49.2
2015M02,Restaurants and accommodation services,58.8
2015M02,Transport,37.7
2015M01,Food,60.3
2015M01,Food and non-alcoholic beverages,60.3
2015M01,Non-food,46.5
2015M01,"Alcoholic beverages, tobacco and narcotics",50.9
2015M01,Clothing and footwear,47.9
2015M01,Education services,56.5
2015M01,"Furnishings, household equipment and routine household maintenance",49.4
2015M01,Health,56.1
2015M01,"Housing, water, electricity, gas and other fuels",38.1
2015M01,Information and communication,62.5
2015M01,Insurance and financial services,58.1
2015M01,"Personal care, social protection and miscellaneous goods and services",52.5
2015M01,"Recreation, sport and culture",48.1
2015M01,Restaurants and accommodation services,57.9
2015M01,Transport,37.2
